year,category,report_code,report_nm,rcept_no,rcept_dt,report_url
2022,Annual,11011,사업보고서 (2021.12),20220322000429,20220322,https://dart.fss.or.kr/dsaf001/main.do?rcpNo=20220322000429
2022,Half-year,11012,반기보고서 (2022.06),20220816001756,20220816,https://dart.fss.or.kr/dsaf001/main.do?rcpNo=20220816001756
2023,Annual,11011,사업보고서 (2022.12),20230321000750,20230321,https://dart.fss.or.kr/dsaf001/main.do?rcpNo=20230321000750
2023,Half-year,11012,반기보고서 (2023.06),20230814002520,20230814,https://dart.fss.or.kr/dsaf001/main.do?rcpNo=20230814002520
2024,Annual,11011,사업보고서 (2023.12),20240319000840,20240319,https://dart.fss.or.kr/dsaf001/main.do?rcpNo=20240319000840
2024,Half-year,11012,반기보고서 (2024.06),20240814003699,20240814,https://dart.fss.or.kr/dsaf001/main.do?rcpNo=20240814003699
2025,Annual,11011,[기재정정]사업보고서 (2024.12),20250814002132,20250814,https://dart.fss.or.kr/dsaf001/main.do?rcpNo=20250814002132
2025,Half-year,11012,반기보고서 (2025.06),20250814002746,20250814,https://dart.fss.or.kr/dsaf001/main.do?rcpNo=20250814002746
2026,Annual,11011,사업보고서 (2025.12),20260323000942,20260323,https://dart.fss.or.kr/dsaf001/main.do?rcpNo=20260323000942
2026,Half-year,11012,반기보고서 (2026.06),20260814003155,20260814,https://dart.fss.or.kr/dsaf001/main.do?rcpNo=20260814003155
