year,category,report_code,period,fs_div,total_assets,current_assets,cash,receivables,inventory,ppe,total_liabilities,current_liabilities,interest_bearing_debt,total_equity,revenue,gross_profit,sga,operating_income,pretax_income,net_income,controlling_net_income,eps,cfo,depreciation,amortization,cfi,cff,capex,gross_margin,operating_margin,net_margin,ebitda_margin,current_ratio,quick_assets,quick_ratio,debt_ratio,asset_turnover,cfo_to_net_income,net_debt,ebitda,revenue_growth,roa,roe,roic,net_debt_ebitda,dso,dio,dpo,ccc,fcf
2021,Annual,11011,FY,CFS,18590794451.0,16438992323.0,,,,,4842936631.0,1393900935.0,,13747857820.0,943670491.0,,,-7651546740.0,,-8853542022.0,,,,,,,,,,-8.10828230083969,-9.382026996115957,-8.10828230083969,11.793515529136222,0,0.0,0.26050186525189073,0.05076009492156156,,,,,-0.47623258087949905,-0.643994296269206,-0.444937728600866,,,,,,
2021,Quarterly,11014,Q3,CFS,21040066262.0,19221610815.0,,,,,5759713916.0,2913307834.0,,15280352346.0,614065633.0,,,-1765491201.0,,-169097050.0,,,,,,,,,,-2.8750855057215032,-0.275372925812313,-2.8750855057215032,6.597864664582507,0,0.0,0.2737497992771293,0.02918553702984531,,,,,-0.47623258087949905,-0.643994296269206,-0.444937728600866,,,,,,
2022,Annual,11011,FY,CFS,14527302184.0,11753582331.0,,,,,4560953361.0,2902459343.0,,9966348823.0,3181548542.0,,,-6158546806.0,,-5333982810.0,,,,,,,,,,-1.9357073213563434,-1.6765366737566503,-1.9357073213563434,4.049525227406432,0,0.0,0.3139573544510775,0.2190047747133722,,,,2.371461301739486,-0.36716953653478157,-0.5351992896024687,-0.5297746292344908,,,,,,
2022,Half-year,11012,H1,CFS,17421502823.0,15181507213.0,,,,,6656719390.0,3541098356.0,,10764783433.0,166627098.0,,,-1789415219.0,,-1202579441.0,,,,,,,,,,-10.739040891176057,-7.217190093534486,-10.739040891176057,4.2872311601502435,0,0.0,0.38209788544830636,0.009564450305631363,,,,2.371461301739486,-0.36716953653478157,-0.5351992896024687,-0.5297746292344908,,,,,,
2022,Quarterly,11013,Q1,CFS,16550757098.0,14183221449.0,,,,,4922871594.0,1277909649.0,,11627885504.0,143639114.0,,,-2502472899.0,,-2455719163.0,,,,,,,,,,-17.421946079394502,-17.09645161832452,-17.421946079394502,11.098767006023287,0,0.0,0.2974408702182501,0.008678703526943636,,,,2.371461301739486,-0.36716953653478157,-0.5351992896024687,-0.5297746292344908,,,,,,
2022,Quarterly,11014,Q3,CFS,15159622001.0,12565458208.0,,,,,4730340865.0,2305630001.0,,10429281136.0,922528449.0,,,-1189487764.0,,-1067869075.0,,,,,,,,,,-1.2893778671968088,-1.1575459555285759,-1.2893778671968088,5.449902283779313,0,0.0,0.31203554182867915,0.06085431740574704,,,,2.371461301739486,-0.36716953653478157,-0.5351992896024687,-0.5297746292344908,,,,,,
2023,Annual,11011,FY,CFS,34424057187.0,31630547056.0,,,,,7246314846.0,5379521690.0,,27177742341.0,1933065857.0,,,-6726839518.0,,-6737065539.0,,,,,,,,,,-3.4798811916525407,-3.4851712447373697,-3.4798811916525407,5.879806584811818,0,0.0,0.21050147594852706,0.056154503999894835,,,,-0.3924135270980882,-0.1957080626029231,-0.2478890797649718,-0.23160430707162843,,,,,,
2023,Half-year,11012,H1,CFS,11528133386.0,9014841493.0,,,,,5211369916.0,3498288075.0,,6316763470.0,205364880.0,,,-1596647530.0,,-1626713473.0,,,,,,,,,,-7.774686353382331,-7.92108890770418,-7.774686353382331,2.5769294294038376,0,0.0,0.45205669829677664,0.01781423523858592,,,,-0.3924135270980882,-0.1957080626029231,-0.2478890797649718,-0.23160430707162843,,,,,,
2023,Quarterly,11013,Q1,CFS,11455161050.0,8845683723.0,,,,,3511684107.0,1853817892.0,,7943476943.0,161399656.0,,,-2100618447.0,,-2022871880.0,,,,,,,,,,-13.015011921710663,-12.533309736422238,-13.015011921710663,4.771603381957218,0,0.0,0.30655912140144026,0.014089688944181191,,,,-0.3924135270980882,-0.1957080626029231,-0.2478890797649718,-0.23160430707162843,,,,,,
2023,Quarterly,11014,Q3,CFS,10286189520.0,7322209776.0,,,,,5580194822.0,3743204118.0,,4705994698.0,493468503.0,,,-1669607118.0,,-1610768772.0,,,,,,,,,,-3.3834117230375695,-3.2641774747678274,-3.3834117230375695,1.956134248941858,0,0.0,0.5424938760023935,0.04797388790479917,,,,-0.3924135270980882,-0.1957080626029231,-0.2478890797649718,-0.23160430707162843,,,,,,
2024,Annual,11011,FY,CFS,31973977062.0,19392727539.0,,,,,12932503941.0,3708287196.0,,19041473121.0,10847380732.0,,,-10095677184.0,,-9077685388.0,,,,,,,,,,-0.9307018379301043,-0.8368550539782049,-0.9307018379301043,5.22956462485383,0,0.0,0.4044696696917897,0.33925653699463454,,,,4.611490520470147,-0.2839085475791038,-0.47673230586286003,-0.3571707335593392,,,,,,
2024,Half-year,11012,H1,CFS,29195766927.0,25100372025.0,,,,,5911788059.0,3786413194.0,,23283978868.0,3871787087.0,,,-2742238526.0,,-2349705153.0,,,,,,,,,,-0.7082617056106733,-0.6068787100637386,-0.7082617056106733,6.629063110379601,0,0.0,0.20248784948111187,0.13261467310246966,,,,4.611490520470147,-0.2839085475791038,-0.47673230586286003,-0.3571707335593392,,,,,,
2024,Quarterly,11013,Q1,CFS,33246697176.0,29512470943.0,,,,,7570044599.0,5627793392.0,,25676652577.0,358057362.0,,,-2757676529.0,,-2540321897.0,,,,,,,,,,-7.7017730164699145,-7.094734438109389,-7.7017730164699145,5.244057286280705,0,0.0,0.22769313170947506,0.010769712254559622,,,,4.611490520470147,-0.2839085475791038,-0.47673230586286003,-0.3571707335593392,,,,,,
2024,Quarterly,11014,Q3,CFS,35161487616.0,22845314799.0,,,,,13565952344.0,4769747379.0,,21595535272.0,3979297314.0,,,-1845060761.0,,-1696901611.0,,,,,,,,,,-0.4636649678094397,-0.4264324771687567,-0.4636649678094397,4.789627832195513,0,0.0,0.38581849812938246,0.11317204088342518,,,,4.611490520470147,-0.2839085475791038,-0.47673230586286003,-0.3571707335593392,,,,,,
2025,Annual,11011,FY,CFS,40453607728.0,27645471712.0,,,,,11974723790.0,2248844908.0,,28478883938.0,7471991050.0,,,-10557394860.0,,-10747895228.0,,,,,,,,,,-1.4129292700370673,-1.4384245318388063,-1.4129292700370673,12.293187321924469,0,0.0,0.296011269761527,0.18470518378088327,,,,-0.3111709421282255,-0.26568446750821767,-0.3773987509973608,-0.2763371391609126,,,,,,
2025,Half-year,11012,H1,CFS,29302542869.0,16074329674.0,,,,,13704254887.0,4311707560.0,,15598287982.0,3671294120.0,,,-233284965.0,,-32548985.0,,,,,,,,,,-0.0635429789536993,-0.008865806970540404,-0.0635429789536993,3.7280658417381165,0,0.0,0.4676814209697181,0.1252892670923781,,,,-0.3111709421282255,-0.26568446750821767,-0.3773987509973608,-0.2763371391609126,,,,,,
2025,Quarterly,11013,Q1,CFS,28631850282.0,15923334582.0,,,,,13082085502.0,3752109228.0,,15549764780.0,961395121.0,,,-3568941101.0,,-3499871130.0,,,,,,,,,,-3.7122521459103597,-3.64040866606395,-3.7122521459103597,4.243835564053574,0,0.0,0.4569067445223518,0.03357782020830141,,,,-0.3111709421282255,-0.26568446750821767,-0.3773987509973608,-0.2763371391609126,,,,,,
2025,Quarterly,11014,Q3,CFS,24747024473.0,11449386567.0,,,,,11654406047.0,2097107618.0,,13092618426.0,2180439192.0,,,-3035084441.0,,-3077851119.0,,,,,,,,,,-1.3919601391021044,-1.411573929826886,-1.3919601391021044,5.459608495399591,0,0.0,0.4709417109808667,0.08810914598556877,,,,-0.3111709421282255,-0.26568446750821767,-0.3773987509973608,-0.2763371391609126,,,,,,
2026,Half-year,11012,H1,CFS,32584457299.0,20292369777.0,,,,,11212789575.0,1802070431.0,,21371667724.0,1311026884.0,,,-3296739500.0,,-3234230624.0,,,,,,,,,,-2.514623872503289,-2.4669445481790744,-2.514623872503289,11.260586394361631,0,0.0,0.34411466399792134,0.040234731300565034,,,,,,,,,,,,,
2026,Quarterly,11013,Q1,CFS,36843072846.0,23950811120.0,,,,,12237174498.0,2970696049.0,,24605898348.0,357186316.0,,,-3980895452.0,,-3872985590.0,,,,,,,,,,-11.145151070121063,-10.843040218819581,-11.145151070121063,8.06235667498274,0,0.0,0.3321431561680549,0.009694802534332561,,,,,,,,,,,,,
